{
  "metrics": {
    "accuracy": 0.875,
    "precision_macro": 0.8813131313131313,
    "recall_macro": 0.8784461152882206,
    "f1_macro": 0.8749218261413383,
    "precision_weighted": 0.8844696969696969,
    "recall_weighted": 0.875,
    "f1_weighted": 0.8747654784240151,
    "train_size": 156,
    "test_size": 40
  },
  "classification_report": {
    "negative": {
      "precision": 0.8181818181818182,
      "recall": 0.9473684210526315,
      "f1-score": 0.8780487804878049,
      "support": 19.0
    },
    "positive": {
      "precision": 0.9444444444444444,
      "recall": 0.8095238095238095,
      "f1-score": 0.8717948717948718,
      "support": 21.0
    },
    "accuracy": 0.875,
    "macro avg": {
      "precision": 0.8813131313131313,
      "recall": 0.8784461152882206,
      "f1-score": 0.8749218261413383,
      "support": 40.0
    },
    "weighted avg": {
      "precision": 0.8844696969696969,
      "recall": 0.875,
      "f1-score": 0.8747654784240151,
      "support": 40.0
    }
  },
  "labels": [
    "negative",
    "positive"
  ],
  "confusion_matrix": [
    [
      18,
      1
    ],
    [
      4,
      17
    ]
  ]
}