{
  "metrics": {
    "accuracy": 0.8837209302325582,
    "precision_macro": 0.8922222222222222,
    "recall_macro": 0.8820346320346321,
    "f1_macro": 0.8827059465357338,
    "precision_weighted": 0.8910077519379844,
    "recall_weighted": 0.8837209302325582,
    "f1_weighted": 0.8829596924599398,
    "train_size": 171,
    "test_size": 43
  },
  "classification_report": {
    "negative": {
      "precision": 0.84,
      "recall": 0.9545454545454546,
      "f1-score": 0.8936170212765957,
      "support": 22.0
    },
    "positive": {
      "precision": 0.9444444444444444,
      "recall": 0.8095238095238095,
      "f1-score": 0.8717948717948718,
      "support": 21.0
    },
    "accuracy": 0.8837209302325582,
    "macro avg": {
      "precision": 0.8922222222222222,
      "recall": 0.8820346320346321,
      "f1-score": 0.8827059465357338,
      "support": 43.0
    },
    "weighted avg": {
      "precision": 0.8910077519379844,
      "recall": 0.8837209302325582,
      "f1-score": 0.8829596924599398,
      "support": 43.0
    }
  },
  "labels": [
    "negative",
    "positive"
  ],
  "confusion_matrix": [
    [
      21,
      1
    ],
    [
      4,
      17
    ]
  ]
}