{
    "logistic": {
        "accuracy": 0.9736842105263158,
        "precision": 0.9761904761904762,
        "recall": 0.9534883720930233,
        "f1_score": 0.9647058823529412,
        "confusion_matrix": [
            [
                70,
                1
            ],
            [
                2,
                41
            ]
        ],
        "roc_auc": 0.99737962659679,
        "cv_f1_mean": 0.9639008986331199,
        "cv_f1_std": 0.024359583518382636
    },
    "rf": {
        "accuracy": 0.9649122807017544,
        "precision": 0.975609756097561,
        "recall": 0.9302325581395349,
        "f1_score": 0.9523809523809523,
        "confusion_matrix": [
            [
                70,
                1
            ],
            [
                3,
                40
            ]
        ],
        "roc_auc": 0.9963969865705864,
        "cv_f1_mean": 0.9297443593071432,
        "cv_f1_std": 0.016689669054297467
    }
}