{
    "features_used": [
        "node_connectivity",
        "place_population",
        "place_employment",
        "real_estate_proxy",
        "vitality_retail",
        "vitality_food",
        "vitality_social"
    ],
    "critic_weights": {
        "node_connectivity": 0.18264780935782018,
        "place_population": 0.02813483999808902,
        "place_employment": 0.0,
        "real_estate_proxy": 0.77287808591395,
        "vitality_retail": 0.007931263553193386,
        "vitality_food": 0.004241482354671644,
        "vitality_social": 0.004166518822275808
    },
    "models": {
        "lightgbm": {
            "accuracy": 0.9903381642512077,
            "precision": 0.9951219512195122,
            "recall": 0.9855072463768116,
            "f1_score": 0.9902912621359223,
            "confusion_matrix": [
                [
                    206,
                    1
                ],
                [
                    3,
                    204
                ]
            ],
            "roc_auc": 0.999696609022381,
            "cv_f1_mean": 0.9872884060040024,
            "cv_f1_std": 0.007044856589431317,
            "tn": 206.0,
            "fp": 1.0,
            "fn": 3.0,
            "tp": 204.0
        },
        "random_forest": {
            "accuracy": 0.9830917874396136,
            "precision": 0.9761904761904762,
            "recall": 0.9903381642512077,
            "f1_score": 0.9832134292565947,
            "confusion_matrix": [
                [
                    202,
                    5
                ],
                [
                    2,
                    205
                ]
            ],
            "roc_auc": 0.9995099068823076,
            "cv_f1_mean": 0.9848095078717005,
            "cv_f1_std": 0.00838256935966715,
            "tn": 202.0,
            "fp": 5.0,
            "fn": 2.0,
            "tp": 205.0
        }
    },
    "scored_ageb_path": "C:\\Users\\aguev\\Documents\\Maestria_UDG\\2ndo_semestre\\progra2\\mcd-programacion2-challenges\\data\\metrics\\thesis_ageb_scored.csv",
    "postgis_table": "features.thesis_ageb_scored",
    "steiner_status": "completed"
}