{
  "negative": {
    "precision": 0.8032786885245902,
    "recall": 0.5212765957446809,
    "f1-score": 0.632258064516129,
    "support": 94.0
  },
  "neutral": {
    "precision": 0.0,
    "recall": 0.0,
    "f1-score": 0.0,
    "support": 0.0
  },
  "positive": {
    "precision": 0.75,
    "recall": 0.8823529411764706,
    "f1-score": 0.8108108108108109,
    "support": 102.0
  },
  "accuracy": 0.7091836734693877,
  "macro avg": {
    "precision": 0.51775956284153,
    "recall": 0.4678765123070505,
    "f1-score": 0.4810229584423133,
    "support": 196.0
  },
  "weighted avg": {
    "precision": 0.7755520240883239,
    "recall": 0.7091836734693877,
    "f1-score": 0.7251783712613207,
    "support": 196.0
  }
}